pair_id,material,A_file,B_file,A_is,B_is
pair01,MVI_4199,pair01_A_f029cfb4.mp4,pair01_B_f029cfb4.mp4,slow,base
pair02,MVI_4214,pair02_A_52980e85.mp4,pair02_B_52980e85.mp4,slow,base
pair03,MVI_4260,pair03_A_d3b98e68.mp4,pair03_B_d3b98e68.mp4,slow,base
pair04,MVI_4276,pair04_A_55ec0547.mp4,pair04_B_55ec0547.mp4,slow,base
pair05,MVI_4299,pair05_A_7d9d939d.mp4,pair05_B_7d9d939d.mp4,base,slow
pair06,MVI_4305,pair06_A_15b27078.mp4,pair06_B_15b27078.mp4,slow,base
pair07,MVI_4329,pair07_A_f8f3d546.mp4,pair07_B_f8f3d546.mp4,slow,base
pair08,MVI_4331,pair08_A_8e98324f.mp4,pair08_B_8e98324f.mp4,slow,base
pair09,MVI_4358,pair09_A_86b1d28c.mp4,pair09_B_86b1d28c.mp4,slow,base
pair10,MVI_4375,pair10_A_b31afdb1.mp4,pair10_B_b31afdb1.mp4,base,slow
pair11,MVI_4455,pair11_A_f2b6a2eb.mp4,pair11_B_f2b6a2eb.mp4,slow,base
pair12,MVI_4466,pair12_A_11c4436b.mp4,pair12_B_11c4436b.mp4,slow,base
pair13,MVI_4469,pair13_A_e3ff05a3.mp4,pair13_B_e3ff05a3.mp4,base,slow
pair14,MVI_4209,pair14_A_17892e94.mp4,pair14_B_17892e94.mp4,fast,base
pair15,MVI_4209,pair15_A_5c440414.mp4,pair15_B_5c440414.mp4,slow,base
pair16,MVI_4212,pair16_A_8a346f52.mp4,pair16_B_8a346f52.mp4,fast,base
pair17,MVI_4212,pair17_A_524bb249.mp4,pair17_B_524bb249.mp4,slow,base
pair18,MVI_4223,pair18_A_2037a752.mp4,pair18_B_2037a752.mp4,base,fast
pair19,MVI_4224,pair19_A_4e6be5e6.mp4,pair19_B_4e6be5e6.mp4,fast,base
pair20,MVI_4224,pair20_A_8648c476.mp4,pair20_B_8648c476.mp4,slow,base
pair21,MVI_4230,pair21_A_d8410a0b.mp4,pair21_B_d8410a0b.mp4,fast,base
pair22,MVI_4240,pair22_A_52513168.mp4,pair22_B_52513168.mp4,fast,base
pair23,MVI_4240,pair23_A_d5f57a69.mp4,pair23_B_d5f57a69.mp4,base,slow
pair24,MVI_4241,pair24_A_3bb52077.mp4,pair24_B_3bb52077.mp4,slow,base
pair25,MVI_4246,pair25_A_2ce93a10.mp4,pair25_B_2ce93a10.mp4,fast,base
pair26,MVI_4246,pair26_A_dd60431b.mp4,pair26_B_dd60431b.mp4,base,slow
pair27,MVI_4256,pair27_A_552848dc.mp4,pair27_B_552848dc.mp4,base,slow
pair28,MVI_4261,pair28_A_91b723ff.mp4,pair28_B_91b723ff.mp4,fast,base
pair29,MVI_4262,pair29_A_7c219262.mp4,pair29_B_7c219262.mp4,base,fast
pair30,MVI_4262,pair30_A_f4dc310d.mp4,pair30_B_f4dc310d.mp4,slow,base
