pair_id,意图达成_A(1-5),意图达成_B,叙事连贯_A,叙事连贯_B,节奏_A,节奏_B,镜头选择_A,镜头选择_B,技术质量_A,技术质量_B,总体偏好(A/B/平),一句话理由
pair01,,,,,,,,,,,,
pair02,,,,,,,,,,,,
pair03,,,,,,,,,,,,
pair04,,,,,,,,,,,,
pair05,,,,,,,,,,,,
pair06,,,,,,,,,,,,
pair07,,,,,,,,,,,,
pair08,,,,,,,,,,,,
pair09,,,,,,,,,,,,
pair10,,,,,,,,,,,,
pair11,,,,,,,,,,,,
pair12,,,,,,,,,,,,
pair13,,,,,,,,,,,,
pair14,,,,,,,,,,,,
pair15,,,,,,,,,,,,
pair16,,,,,,,,,,,,
pair17,,,,,,,,,,,,
pair18,,,,,,,,,,,,
pair19,,,,,,,,,,,,
pair20,,,,,,,,,,,,
pair21,,,,,,,,,,,,
pair22,,,,,,,,,,,,
pair23,,,,,,,,,,,,
pair24,,,,,,,,,,,,
pair25,,,,,,,,,,,,
pair26,,,,,,,,,,,,
pair27,,,,,,,,,,,,
pair28,,,,,,,,,,,,
pair29,,,,,,,,,,,,
pair30,,,,,,,,,,,,
